cleaned_word,keyword_frequency
video,4
one,3
astra,2
new,2
more,2
system,2
into,2
easy,2
play,2
sister,2
open,2
tech,2
google,2
indonesian,2
inner,1
parton,1
battery,1
don,1
instagram,1
gta,1
space,1
circle,1
complex,1
management,1
purpose,1
neural,1
nvidia,1
apps,1
andreessen,1
who,1
not,1
homeserver,1
2026,1
blacklisted,1
unraveling,1
alternatives,1
shop,1
heritage,1
gmail,1
visual,1
interpretability,1
cultural,1
face,1
blink,1
superoxidizing,1
6502,1
antutu,1
jekyll,1
commits,1
runtipi,1
generator,1
worth,1
ttrpg,1
buying,1
response,1
browser,1
mobile,1
they,1
major,1
person,1
programming,1
grounded,1
told,1
building,1
arrives,1
wayfinder,1
effectiveness,1
nadir,1
iceye,1
than,1
giant,1
kept,1
misinformation,1
cash,1
campus,1
capabilities,1
interplanetary,1
may,1
longer,1
equation,1
tracked,1
slopconomy,1
contributors,1
old,1
harness,1
death,1
nature,1
securing,1
agents,1
whose,1
wait,1
omarchy,1
garbage,1
fuse,1
prepare,1
turn,1
people,1
pylons,1
hyderabad,1
games,1
use,1
intelliegence,1
uptime,1
any,1
real,1
chairs,1
site,1
history,1
fly,1
implementation,1
public,1
chinese,1
does,1
latest,1
only,1
playable,1
media,1
beta,1
social,1
flex,1
dolly,1
drive,1
paint,1
sub,1
reference,1
mean,1
relax,1
moving,1
looking,1
detect,1
1997,1
language,1
invoiciz,1
trees,1
circuit,1
blogwagon,1
magic,1
benchmarked,1
chess,1
irrational,1
endless,1
hall,1
ourselves,1
signed,1
posixish,1
tcs,1
hard,1
make,1
missing,1
pouring,1
kids,1
slams,1
brownlee,1
invoice,1
mission,1
legibility,1
complexity,1
artificial,1
menu,1
brutal,1
force,1
intellectual,1
every,1
agi,1
where,1
psychedelics,1
applications,1
doomscrolling,1
through,1
made,1
static,1
review,1
satellite,1
neo6502,1
feed,1
state,1
world,1
computer,1
pixel,1
marc,1
photosystem,1
way,1
drivers,1
engineering,1
gesture,1
chips,1
changes,1
best,1
filesystem,1
gaming,1
think,1
reels,1
webcam,1
projecting,1
platform,1
v12,1
good,1
all,1
malleable,1
application,1
most,1
poker,1
post,1
evaluating,1
about,1
phones,1
musk,1
signal,1
processing,1
license,1
thriller,1
asked,1
maker,1
smell,1
changed,1
pass,1
marques,1
mainstream,1
effect,1
wealth,1
vertical,1
making,1
address,1
glide,1
pigeon,1
contested,1
big,1
